,F_Lap_20,F_Lap_21,F_Lap_22,F_Lap_23,F_Lap_24,F_Lap_25
L_Lap_20,0.55,0.6100000000000001,0.67,0.73,0.79,0.9099999999999999
L_Lap_21,0.49000000000000005,0.55,0.6100000000000001,0.6700000000000002,0.73,0.8500000000000001
L_Lap_22,0.43000000000000005,0.49000000000000005,0.55,0.6100000000000001,0.67,0.79
L_Lap_23,0.37000000000000005,0.43000000000000005,0.49000000000000005,0.55,0.6100000000000001,0.73
L_Lap_24,0.31000000000000005,0.37000000000000005,0.43000000000000005,0.49000000000000005,0.55,0.67
L_Lap_25,0.19000000000000006,0.25000000000000006,0.31000000000000005,0.37000000000000005,0.43000000000000005,0.55
