{
  "polynomial": {
    "SOFT": {
      "coefficients": [
        -5.104588444988238e-05,
        0.0002007440461501437,
        0.0002039987819216948,
        -0.12448636216461756
      ],
      "mae": 0.6171886062680296,
      "rmse": 0.8018825029047416,
      "r2": 0.011614989760309835,
      "n_samples": 973
    },
    "MEDIUM": {
      "coefficients": [
        6.0107043999171696e-05,
        -0.005925456090327382,
        0.027294628173192264,
        -0.4716538941313189
      ],
      "mae": 1.0635547742349583,
      "rmse": 1.49196244999932,
      "r2": 0.25569668956703684,
      "n_samples": 2529
    },
    "HARD": {
      "coefficients": [
        2.995473354741561e-05,
        -0.0017655186058214028,
        -0.05218518822068719,
        -0.2810929805197838
      ],
      "mae": 1.2929816446176805,
      "rmse": 1.7757180988096735,
      "r2": 0.1603484243956772,
      "n_samples": 4662
    }
  },
  "xgboost": {
    "test_mae": 0.52101417779279,
    "test_rmse": 0.7300823590028622,
    "test_r2": 0.3756261965757991,
    "feature_importance": {
      "TyreAge": 0.032579999417066574,
      "TyreAgeSq": 0.02699076384305954,
      "CompoundOrdinal": 0.0125005804002285,
      "IsSoft": 0.07211550325155258,
      "IsMedium": 0.021420203149318695,
      "IsHard": 0.02282145246863365,
      "TyreAge_x_Compound": 0.007946889847517014,
      "TrackTemp_x_TyreAge": 0.028492366895079613,
      "TrackTemp": 0.045022740960121155,
      "AirTemp": 0.01382008008658886,
      "Humidity": 0.013171848841011524,
      "WindSpeed": 0.006251511629670858,
      "FuelLoad": 0.01339221466332674,
      "Stint": 0.04119507595896721,
      "RollingDegRate": 0.019968584179878235,
      "CircuitAvgDeg": 0.5614055395126343,
      "CircuitStdDeg": 0.06090465188026428
    },
    "cv_mae": 0.5772371662208725
  }
}